,x,y
0,-300.0,0
1,-299.7,0
2,-299.4,0
3,-299.09999999999997,0
4,-298.79999999999995,0
5,-298.49999999999994,0
6,-298.19999999999993,0
7,-297.8999999999999,0
8,-297.5999999999999,0
9,-297.2999999999999,0
10,-296.9999999999999,0
11,-296.6999999999999,0
12,-296.39999999999986,0
13,-296.09999999999985,0
14,-295.79999999999984,0
15,-295.49999999999983,0
16,-295.1999999999998,0
17,-294.8999999999998,0
18,-294.5999999999998,0
19,-294.2999999999998,0
20,-293.9999999999998,0
21,-293.69999999999976,0
22,-293.39999999999975,0
23,-293.09999999999974,0
24,-292.7999999999997,0
25,-292.4999999999997,0
26,-292.1999999999997,0
27,-291.8999999999997,0
28,-291.5999999999997,0
29,-291.29999999999967,0
30,-290.99999999999966,0
31,-290.69999999999965,0
32,-290.39999999999964,0
33,-290.0999999999996,0
34,-289.7999999999996,0
35,-289.4999999999996,0
36,-289.1999999999996,0
37,-288.8999999999996,0
38,-288.59999999999957,0
39,-288.29999999999956,0
40,-287.99999999999955,0
41,-287.69999999999953,0
42,-287.3999999999995,0
43,-287.0999999999995,0
44,-286.7999999999995,0
45,-286.4999999999995,0
46,-286.1999999999995,0
47,-285.89999999999947,0
48,-285.59999999999945,0
49,-285.29999999999944,0
50,-284.99999999999943,0
51,-284.6999999999994,0
52,-284.3999999999994,0
53,-284.0999999999994,0
54,-283.7999999999994,0
55,-283.4999999999994,0
56,-283.19999999999936,0
57,-282.89999999999935,0
58,-282.59999999999934,0
59,-282.29999999999933,0
60,-281.9999999999993,0
61,-281.6999999999993,0
62,-281.3999999999993,0
63,-281.0999999999993,0
64,-280.7999999999993,0
65,-280.49999999999926,0
66,-280.19999999999925,0
67,-279.89999999999924,0
68,-279.5999999999992,0
69,-279.2999999999992,0
70,-278.9999999999992,0
71,-278.6999999999992,0
72,-278.3999999999992,0
73,-278.09999999999917,0
74,-277.79999999999916,0
75,-277.49999999999915,0
76,-277.19999999999914,0
77,-276.8999999999991,0
78,-276.5999999999991,0
79,-276.2999999999991,0
80,-275.9999999999991,0
81,-275.6999999999991,0
82,-275.39999999999907,0
83,-275.09999999999906,0
84,-274.79999999999905,0
85,-274.49999999999903,0
86,-274.199999999999,0
87,-273.899999999999,0
88,-273.599999999999,0
89,-273.299999999999,0
90,-272.999999999999,0
91,-272.69999999999897,0
92,-272.39999999999895,0
93,-272.09999999999894,0
94,-271.79999999999893,0
95,-271.4999999999989,0
96,-271.1999999999989,0
97,-270.8999999999989,0
98,-270.5999999999989,0
99,-270.2999999999989,0
100,-269.99999999999886,0
101,-269.69999999999885,0
102,-269.39999999999884,0
103,-269.09999999999883,0
104,-268.7999999999988,0
105,-268.4999999999988,0
106,-268.1999999999988,0
107,-267.8999999999988,0
108,-267.5999999999988,0
109,-267.29999999999876,0
110,-266.99999999999875,0
111,-266.69999999999874,0
112,-266.3999999999987,0
113,-266.0999999999987,0
114,-265.7999999999987,0
115,-265.4999999999987,0
116,-265.1999999999987,0
117,-264.89999999999867,0
118,-264.59999999999866,0
119,-264.29999999999865,0
120,-263.99999999999864,0
121,-263.6999999999986,0
122,-263.3999999999986,0
123,-263.0999999999986,0
124,-262.7999999999986,0
125,-262.4999999999986,0
126,-262.19999999999857,0
127,-261.89999999999856,0
128,-261.59999999999854,0
129,-261.29999999999853,0
130,-260.9999999999985,0
131,-260.6999999999985,0
132,-260.3999999999985,0
133,-260.0999999999985,0
134,-259.7999999999985,0
135,-259.49999999999847,0
136,-259.19999999999845,0
137,-258.89999999999844,0
138,-258.59999999999843,0
139,-258.2999999999984,0
140,-257.9999999999984,0
141,-257.6999999999984,0
142,-257.3999999999984,0
143,-257.0999999999984,0
144,-256.79999999999836,0
145,-256.49999999999835,0
146,-256.19999999999834,0
147,-255.89999999999833,0
148,-255.59999999999832,0
149,-255.2999999999983,0
150,-254.9999999999983,0
151,-254.69999999999828,0
152,-254.39999999999827,0
153,-254.09999999999826,0
154,-253.79999999999825,0
155,-253.49999999999824,0
156,-253.19999999999823,0
157,-252.89999999999822,0
158,-252.5999999999982,0
159,-252.2999999999982,0
160,-251.99999999999818,0
161,-251.69999999999817,0
162,-251.39999999999816,0
163,-251.09999999999815,0
164,-250.79999999999814,0
165,-250.49999999999812,0
166,-250.1999999999981,0
167,-249.8999999999981,0
168,-249.5999999999981,0
169,-249.29999999999808,0
170,-248.99999999999807,0
171,-248.69999999999806,0
172,-248.39999999999804,0
173,-248.09999999999803,0
174,-247.79999999999802,0
175,-247.499999999998,0
176,-247.199999999998,0
177,-246.899999999998,0
178,-246.59999999999798,0
179,-246.29999999999797,0
180,-245.99999999999795,0
181,-245.69999999999794,0
182,-245.39999999999793,0
183,-245.09999999999792,0
184,-244.7999999999979,0
185,-244.4999999999979,0
186,-244.19999999999789,0
187,-243.89999999999787,0
188,-243.59999999999786,0
189,-243.29999999999785,0
190,-242.99999999999784,0
191,-242.69999999999783,0
192,-242.39999999999782,0
193,-242.0999999999978,0
194,-241.7999999999978,0
195,-241.49999999999778,0
196,-241.19999999999777,0
197,-240.89999999999776,0
198,-240.59999999999775,0
199,-240.29999999999774,0
200,-239.99999999999773,0
201,-239.69999999999771,0
202,-239.3999999999977,0
203,-239.0999999999977,0
204,-238.79999999999768,0
205,-238.49999999999767,0
206,-238.19999999999766,0
207,-237.89999999999765,0
208,-237.59999999999764,0
209,-237.29999999999762,0
210,-236.9999999999976,0
211,-236.6999999999976,0
212,-236.3999999999976,0
213,-236.09999999999758,0
214,-235.79999999999757,0
215,-235.49999999999756,0
216,-235.19999999999754,0
217,-234.89999999999753,0
218,-234.59999999999752,0
219,-234.2999999999975,0
220,-233.9999999999975,0
221,-233.6999999999975,0
222,-233.39999999999748,0
223,-233.09999999999746,0
224,-232.79999999999745,0
225,-232.49999999999744,0
226,-232.19999999999743,0
227,-231.89999999999742,0
228,-231.5999999999974,0
229,-231.2999999999974,0
230,-230.99999999999739,0
231,-230.69999999999737,0
232,-230.39999999999736,0
233,-230.09999999999735,0
234,-229.79999999999734,0
235,-229.49999999999733,0
236,-229.19999999999732,0
237,-228.8999999999973,0
238,-228.5999999999973,0
239,-228.29999999999728,0
240,-227.99999999999727,0
241,-227.69999999999726,0
242,-227.39999999999725,0
243,-227.09999999999724,0
244,-226.79999999999723,0
245,-226.49999999999721,0
246,-226.1999999999972,0
247,-225.8999999999972,0
248,-225.59999999999718,0
249,-225.29999999999717,0
250,-224.99999999999716,0
251,-224.69999999999715,0
252,-224.39999999999714,0
253,-224.09999999999712,0
254,-223.7999999999971,0
255,-223.4999999999971,0
256,-223.1999999999971,0
257,-222.89999999999708,0
258,-222.59999999999707,0
259,-222.29999999999706,0
260,-221.99999999999704,0
261,-221.69999999999703,0
262,-221.39999999999702,0
263,-221.099999999997,0
264,-220.799999999997,0
265,-220.499999999997,0
266,-220.19999999999698,0
267,-219.89999999999696,0
268,-219.59999999999695,0
269,-219.29999999999694,0
270,-218.99999999999693,0
271,-218.69999999999692,0
272,-218.3999999999969,0
273,-218.0999999999969,0
274,-217.79999999999688,0
275,-217.49999999999687,0
276,-217.19999999999686,0
277,-216.89999999999685,0
278,-216.59999999999684,0
279,-216.29999999999683,0
280,-215.99999999999682,0
281,-215.6999999999968,0
282,-215.3999999999968,0
283,-215.09999999999678,0
284,-214.79999999999677,0
285,-214.49999999999676,0
286,-214.19999999999675,0
287,-213.89999999999674,0
288,-213.59999999999673,0
289,-213.29999999999671,0
290,-212.9999999999967,0
291,-212.6999999999967,0
292,-212.39999999999668,0
293,-212.09999999999667,0
294,-211.79999999999666,0
295,-211.49999999999665,0
296,-211.19999999999663,0
297,-210.89999999999662,0
298,-210.5999999999966,0
299,-210.2999999999966,0
300,-209.9999999999966,0
301,-209.69999999999658,0
302,-209.39999999999657,0
303,-209.09999999999656,0
304,-208.79999999999654,0
305,-208.49999999999653,0
306,-208.19999999999652,0
307,-207.8999999999965,0
308,-207.5999999999965,0
309,-207.2999999999965,0
310,-206.99999999999648,0
311,-206.69999999999646,0
312,-206.39999999999645,0
313,-206.09999999999644,0
314,-205.79999999999643,0
315,-205.49999999999642,0
316,-205.1999999999964,0
317,-204.8999999999964,0
318,-204.59999999999638,0
319,-204.29999999999637,0
320,-203.99999999999636,0
321,-203.69999999999635,0
322,-203.39999999999634,0
323,-203.09999999999633,0
324,-202.79999999999632,0
325,-202.4999999999963,0
326,-202.1999999999963,0
327,-201.89999999999628,0
328,-201.59999999999627,0
329,-201.29999999999626,0
330,-200.99999999999625,0
331,-200.69999999999624,0
332,-200.39999999999623,0
333,-200.09999999999621,0
334,-199.7999999999962,0
335,-199.4999999999962,0
336,-199.19999999999618,0
337,-198.89999999999617,0
338,-198.59999999999616,0
339,-198.29999999999615,0
340,-197.99999999999613,0
341,-197.69999999999612,0
342,-197.3999999999961,0
343,-197.0999999999961,0
344,-196.7999999999961,0
345,-196.49999999999608,0
346,-196.19999999999607,0
347,-195.89999999999606,0
348,-195.59999999999604,0
349,-195.29999999999603,0
350,-194.99999999999602,0
351,-194.699999999996,0
352,-194.399999999996,0
353,-194.099999999996,0
354,-193.79999999999598,0
355,-193.49999999999596,0
356,-193.19999999999595,0
357,-192.89999999999594,0
358,-192.59999999999593,0
359,-192.29999999999592,0
360,-191.9999999999959,0
361,-191.6999999999959,0
362,-191.39999999999588,0
363,-191.09999999999587,0
364,-190.79999999999586,0
365,-190.49999999999585,0
366,-190.19999999999584,0
367,-189.89999999999583,0
368,-189.59999999999582,0
369,-189.2999999999958,0
370,-188.9999999999958,0
371,-188.69999999999578,0
372,-188.39999999999577,0
373,-188.09999999999576,0
374,-187.79999999999575,0
375,-187.49999999999574,0
376,-187.19999999999573,0
377,-186.8999999999957,0
378,-186.5999999999957,0
379,-186.2999999999957,0
380,-185.99999999999568,0
381,-185.69999999999567,0
382,-185.39999999999566,0
383,-185.09999999999565,0
384,-184.79999999999563,0
385,-184.49999999999562,0
386,-184.1999999999956,0
387,-183.8999999999956,0
388,-183.5999999999956,0
389,-183.29999999999558,0
390,-182.99999999999557,0
391,-182.69999999999555,0
392,-182.39999999999554,0
393,-182.09999999999553,0
394,-181.79999999999552,0
395,-181.4999999999955,0
396,-181.1999999999955,0
397,-180.8999999999955,0
398,-180.59999999999548,0
399,-180.29999999999546,0
400,-179.99999999999545,0
401,-179.69999999999544,0
402,-179.39999999999543,0
403,-179.09999999999542,0
404,-178.7999999999954,0
405,-178.4999999999954,0
406,-178.19999999999538,0
407,-177.89999999999537,0
408,-177.59999999999536,0
409,-177.29999999999535,0
410,-176.99999999999534,0
411,-176.69999999999533,0
412,-176.39999999999532,0
413,-176.0999999999953,0
414,-175.7999999999953,0
415,-175.49999999999528,0
416,-175.19999999999527,0
417,-174.89999999999526,0
418,-174.59999999999525,0
419,-174.29999999999524,0
420,-173.99999999999523,0
421,-173.6999999999952,0
422,-173.3999999999952,0
423,-173.0999999999952,0
424,-172.79999999999518,0
425,-172.49999999999517,0
426,-172.19999999999516,0
427,-171.89999999999515,0
428,-171.59999999999513,0
429,-171.29999999999512,0
430,-170.9999999999951,0
431,-170.6999999999951,0
432,-170.3999999999951,0
433,-170.09999999999508,0
434,-169.79999999999507,0
435,-169.49999999999505,0
436,-169.19999999999504,0
437,-168.89999999999503,0
438,-168.59999999999502,0
439,-168.299999999995,0
440,-167.999999999995,0
441,-167.699999999995,0
442,-167.39999999999498,0
443,-167.09999999999496,0
444,-166.79999999999495,0
445,-166.49999999999494,0
446,-166.19999999999493,0
447,-165.89999999999492,0
448,-165.5999999999949,0
449,-165.2999999999949,0
450,-164.99999999999488,0
451,-164.69999999999487,0
452,-164.39999999999486,0
453,-164.09999999999485,0
454,-163.79999999999484,0
455,-163.49999999999483,0
456,-163.19999999999482,0
457,-162.8999999999948,0
458,-162.5999999999948,0
459,-162.29999999999478,0
460,-161.99999999999477,0
461,-161.69999999999476,0
462,-161.39999999999475,0
463,-161.09999999999474,0
464,-160.79999999999472,0
465,-160.4999999999947,0
466,-160.1999999999947,0
467,-159.8999999999947,0
468,-159.59999999999468,0
469,-159.29999999999467,0
470,-158.99999999999466,0
471,-158.69999999999465,0
472,-158.39999999999463,0
473,-158.09999999999462,0
474,-157.7999999999946,0
475,-157.4999999999946,0
476,-157.1999999999946,0
477,-156.89999999999458,0
478,-156.59999999999457,0
479,-156.29999999999455,0
480,-155.99999999999454,0
481,-155.69999999999453,0
482,-155.39999999999452,0
483,-155.0999999999945,0
484,-154.7999999999945,0
485,-154.4999999999945,0
486,-154.19999999999447,0
487,-153.89999999999446,0
488,-153.59999999999445,0
489,-153.29999999999444,0
490,-152.99999999999443,0
491,-152.69999999999442,0
492,-152.3999999999944,0
493,-152.0999999999944,0
494,-151.79999999999438,0
495,-151.49999999999437,0
496,-151.19999999999436,0
497,-150.89999999999435,0
498,-150.59999999999434,0
499,-150.29999999999433,0
500,-149.99999999999432,0
501,-149.6999999999943,0
502,-149.3999999999943,0
503,-149.09999999999428,0
504,-148.79999999999427,0
505,-148.49999999999426,0
506,-148.19999999999425,0
507,-147.89999999999424,0
508,-147.59999999999422,0
509,-147.2999999999942,0
510,-146.9999999999942,0
511,-146.6999999999942,0
512,-146.39999999999418,0
513,-146.09999999999417,0
514,-145.79999999999416,0
515,-145.49999999999415,0
516,-145.19999999999413,0
517,-144.89999999999412,0
518,-144.5999999999941,0
519,-144.2999999999941,0
520,-143.9999999999941,0
521,-143.69999999999408,0
522,-143.39999999999407,0
523,-143.09999999999405,0
524,-142.79999999999404,0
525,-142.49999999999403,0
526,-142.19999999999402,0
527,-141.899999999994,0
528,-141.599999999994,0
529,-141.299999999994,0
530,-140.99999999999397,0
531,-140.69999999999396,0
532,-140.39999999999395,0
533,-140.09999999999394,0
534,-139.79999999999393,0
535,-139.49999999999392,0
536,-139.1999999999939,0
537,-138.8999999999939,0
538,-138.59999999999388,0
539,-138.29999999999387,0
540,-137.99999999999386,0
541,-137.69999999999385,0
542,-137.39999999999384,0
543,-137.09999999999383,0
544,-136.79999999999382,0
545,-136.4999999999938,0
546,-136.1999999999938,0
547,-135.89999999999378,0
548,-135.59999999999377,0
549,-135.29999999999376,0
550,-134.99999999999375,0
551,-134.69999999999374,0
552,-134.39999999999372,0
553,-134.0999999999937,0
554,-133.7999999999937,0
555,-133.4999999999937,0
556,-133.19999999999368,0
557,-132.89999999999367,0
558,-132.59999999999366,0
559,-132.29999999999364,0
560,-131.99999999999363,0
561,-131.69999999999362,0
562,-131.3999999999936,0
563,-131.0999999999936,0
564,-130.7999999999936,0
565,-130.49999999999358,0
566,-130.19999999999357,0
567,-129.89999999999355,0
568,-129.59999999999354,0
569,-129.29999999999353,0
570,-128.99999999999352,0
571,-128.6999999999935,0
572,-128.3999999999935,0
573,-128.09999999999349,0
574,-127.79999999999347,0
575,-127.49999999999346,0
576,-127.19999999999345,0
577,-126.89999999999344,0
578,-126.59999999999343,0
579,-126.29999999999342,0
580,-125.9999999999934,0
581,-125.6999999999934,0
582,-125.39999999999338,0
583,-125.09999999999337,0
584,-124.79999999999336,0
585,-124.49999999999335,0
586,-124.19999999999334,0
587,-123.89999999999333,0
588,-123.59999999999332,0
589,-123.2999999999933,0
590,-122.99999999999329,0
591,-122.69999999999328,0
592,-122.39999999999327,0
593,-122.09999999999326,0
594,-121.79999999999325,0
595,-121.49999999999324,0
596,-121.19999999999322,0
597,-120.89999999999321,0
598,-120.5999999999932,0
599,-120.29999999999319,0
600,-119.99999999999318,0
601,-119.69999999999317,0
602,-119.39999999999316,0
603,-119.09999999999314,0
604,-118.79999999999313,0
605,-118.49999999999312,0
606,-118.19999999999311,0
607,-117.8999999999931,0
608,-117.59999999999309,0
609,-117.29999999999308,0
610,-116.99999999999307,0
611,-116.69999999999305,0
612,-116.39999999999304,0
613,-116.09999999999303,0
614,-115.79999999999302,0
615,-115.49999999999301,0
616,-115.199999999993,0
617,-114.89999999999299,0
618,-114.59999999999297,0
619,-114.29999999999296,0
620,-113.99999999999295,0
621,-113.69999999999294,0
622,-113.39999999999293,0
623,-113.09999999999292,0
624,-112.7999999999929,0
625,-112.4999999999929,0
626,-112.19999999999288,0
627,-111.89999999999287,0
628,-111.59999999999286,0
629,-111.29999999999285,0
630,-110.99999999999284,0
631,-110.69999999999283,0
632,-110.39999999999281,0
633,-110.0999999999928,0
634,-109.79999999999279,0
635,-109.49999999999278,0
636,-109.19999999999277,0
637,-108.89999999999276,0
638,-108.59999999999275,0
639,-108.29999999999274,0
640,-107.99999999999272,0
641,-107.69999999999271,0
642,-107.3999999999927,0
643,-107.09999999999269,0
644,-106.79999999999268,0
645,-106.49999999999267,0
646,-106.19999999999266,0
647,-105.89999999999264,0
648,-105.59999999999263,0
649,-105.29999999999262,0
650,-104.99999999999261,0
651,-104.6999999999926,0
652,-104.39999999999259,0
653,-104.09999999999258,0
654,-103.79999999999256,0
655,-103.49999999999255,0
656,-103.19999999999254,0
657,-102.89999999999253,0
658,-102.59999999999252,0
659,-102.29999999999251,0
660,-101.9999999999925,0
661,-101.69999999999249,0
662,-101.39999999999247,0
663,-101.09999999999246,0
664,-100.79999999999245,0
665,-100.49999999999244,0
666,-100.19999999999243,0
667,-99.89999999999242,0
668,-99.5999999999924,0
669,-99.2999999999924,0
670,-98.99999999999238,0
671,-98.69999999999237,0
672,-98.39999999999236,0
673,-98.09999999999235,0
674,-97.79999999999234,0
675,-97.49999999999233,0
676,-97.19999999999231,0
677,-96.8999999999923,0
678,-96.59999999999229,0
679,-96.29999999999228,0
680,-95.99999999999227,0
681,-95.69999999999226,0
682,-95.39999999999225,0
683,-95.09999999999224,0
684,-94.79999999999222,0
685,-94.49999999999221,0
686,-94.1999999999922,0
687,-93.89999999999219,0
688,-93.59999999999218,0
689,-93.29999999999217,0
690,-92.99999999999216,0
691,-92.69999999999214,0
692,-92.39999999999213,0
693,-92.09999999999212,0
694,-91.79999999999211,0
695,-91.4999999999921,0
696,-91.19999999999209,0
697,-90.89999999999208,0
698,-90.59999999999206,0
699,-90.29999999999205,0
700,-89.99999999999204,0
701,-89.69999999999203,0
702,-89.39999999999202,0
703,-89.09999999999201,0
704,-88.799999999992,0
705,-88.49999999999199,0
706,-88.19999999999197,0
707,-87.89999999999196,0
708,-87.59999999999195,0
709,-87.29999999999194,0
710,-86.99999999999193,0
711,-86.69999999999192,0
712,-86.3999999999919,0
713,-86.0999999999919,0
714,-85.79999999999188,0
715,-85.49999999999187,0
716,-85.19999999999186,0
717,-84.89999999999185,0
718,-84.59999999999184,0
719,-84.29999999999183,0
720,-83.99999999999181,0
721,-83.6999999999918,0
722,-83.39999999999179,0
723,-83.09999999999178,0
724,-82.79999999999177,0
725,-82.49999999999176,0
726,-82.19999999999175,0
727,-81.89999999999173,0
728,-81.59999999999172,0
729,-81.29999999999171,0
730,-80.9999999999917,0
731,-80.69999999999169,0
732,-80.39999999999168,0
733,-80.09999999999167,0
734,-79.79999999999166,0
735,-79.49999999999164,0
736,-79.19999999999163,0
737,-78.89999999999162,0
738,-78.59999999999161,0
739,-78.2999999999916,0
740,-77.99999999999159,0
741,-77.69999999999158,0
742,-77.39999999999156,0
743,-77.09999999999155,0
744,-76.79999999999154,0
745,-76.49999999999153,0
746,-76.19999999999152,0
747,-75.89999999999151,0
748,-75.5999999999915,0
749,-75.29999999999148,0
750,-74.99999999999147,0
751,-74.69999999999146,0
752,-74.39999999999145,0
753,-74.09999999999144,0
754,-73.79999999999143,0
755,-73.49999999999142,0
756,-73.1999999999914,0
757,-72.8999999999914,0
758,-72.59999999999138,0
759,-72.29999999999137,0
760,-71.99999999999136,0
761,-71.69999999999135,0
762,-71.39999999999134,0
763,-71.09999999999133,0
764,-70.79999999999131,0
765,-70.4999999999913,0
766,-70.19999999999129,0
767,-69.89999999999128,0
768,-69.59999999999127,0
769,-69.29999999999126,0
770,-68.99999999999125,0
771,-68.69999999999123,0
772,-68.39999999999122,0
773,-68.09999999999121,0
774,-67.7999999999912,0
775,-67.49999999999119,0
776,-67.19999999999118,0
777,-66.89999999999117,0
778,-66.59999999999116,0
779,-66.29999999999114,0
780,-65.99999999999113,0
781,-65.69999999999112,0
782,-65.39999999999111,0
783,-65.0999999999911,0
784,-64.79999999999109,0
785,-64.49999999999108,0
786,-64.19999999999106,0
787,-63.89999999999105,0
788,-63.59999999999104,0
789,-63.29999999999103,0
790,-62.99999999999102,0
791,-62.69999999999101,0
792,-62.399999999990996,0
793,-62.099999999990985,0
794,-61.79999999999097,0
795,-61.49999999999096,0
796,-61.19999999999095,0
797,-60.89999999999094,0
798,-60.59999999999093,0
799,-60.299999999990916,0
800,-59.999999999990905,0
801,-59.699999999990894,0
802,-59.39999999999088,0
803,-59.09999999999087,0
804,-58.79999999999086,0
805,-58.49999999999085,0
806,-58.19999999999084,0
807,-57.899999999990825,0
808,-57.599999999990814,0
809,-57.2999999999908,0
810,-56.99999999999079,0
811,-56.69999999999078,0
812,-56.39999999999077,0
813,-56.09999999999076,0
814,-55.799999999990746,0
815,-55.499999999990735,0
816,-55.19999999999072,0
817,-54.89999999999071,0
818,-54.5999999999907,0
819,-54.29999999999069,0
820,-53.99999999999068,0
821,-53.699999999990666,0
822,-53.399999999990655,0
823,-53.099999999990644,0
824,-52.79999999999063,0
825,-52.49999999999062,0
826,-52.19999999999061,0
827,-51.8999999999906,0
828,-51.59999999999059,0
829,-51.299999999990575,0
830,-50.999999999990564,0
831,-50.69999999999055,0
832,-50.39999999999054,0
833,-50.09999999999053,0
834,-49.79999999999052,0
835,-49.49999999999051,0
836,-49.199999999990496,0
837,-48.899999999990484,0
838,-48.59999999999047,0
839,-48.29999999999046,0
840,-47.99999999999045,0
841,-47.69999999999044,0
842,-47.39999999999043,0
843,-47.099999999990416,0
844,-46.799999999990405,0
845,-46.49999999999039,0
846,-46.19999999999038,0
847,-45.89999999999037,0
848,-45.59999999999036,0
849,-45.29999999999035,0
850,-44.99999999999034,0
851,-44.699999999990325,0
852,-44.399999999990314,0
853,-44.0999999999903,0
854,-43.79999999999029,0
855,-43.49999999999028,0
856,-43.19999999999027,0
857,-42.89999999999026,0
858,-42.599999999990246,0
859,-42.299999999990234,0
860,-41.99999999999022,0
861,-41.69999999999021,0
862,-41.3999999999902,0
863,-41.09999999999019,0
864,-40.79999999999018,0
865,-40.499999999990166,0
866,-40.199999999990155,0
867,-39.89999999999014,0
868,-39.59999999999013,0
869,-39.29999999999012,0
870,-38.99999999999011,0
871,-38.6999999999901,0
872,-38.39999999999009,0
873,-38.099999999990075,0
874,-37.799999999990064,0
875,-37.49999999999005,0
876,-37.19999999999004,0
877,-36.89999999999003,0
878,-36.59999999999002,0
879,-36.29999999999001,0
880,-35.999999999989996,0
881,-35.699999999989984,0
882,-35.39999999998997,0
883,-35.09999999998996,0
884,-34.79999999998995,0
885,-34.49999999998994,0
886,-34.19999999998993,0
887,-33.899999999989916,0
888,-33.599999999989905,0
889,-33.29999999998989,0
890,-32.99999999998988,0
891,-32.69999999998987,0
892,-32.39999999998986,0
893,-32.09999999998985,0
894,-31.799999999989836,0
895,-31.499999999989825,0
896,-31.199999999989814,0
897,-30.899999999989802,0
898,-30.59999999998979,0
899,-30.29999999998978,0
900,-29.999999999989768,0
901,-29.699999999989757,0
902,-29.399999999989745,0
903,-29.099999999989734,0
904,-28.799999999989723,0
905,-28.49999999998971,0
906,-28.1999999999897,0
907,-27.89999999998969,0
908,-27.599999999989677,0
909,-27.299999999989666,0
910,-26.999999999989654,0
911,-26.699999999989643,0
912,-26.39999999998963,0
913,-26.09999999998962,0
914,-25.79999999998961,0
915,-25.499999999989598,0
916,-25.199999999989586,0
917,-24.899999999989575,0
918,-24.599999999989564,0
919,-24.299999999989552,0
920,-23.99999999998954,0
921,-23.69999999998953,0
922,-23.399999999989518,0
923,-23.099999999989507,0
924,-22.799999999989495,0
925,-22.499999999989484,0
926,-22.199999999989473,0
927,-21.89999999998946,0
928,-21.59999999998945,0
929,-21.29999999998944,0
930,-20.999999999989427,0
931,-20.699999999989416,0
932,-20.399999999989404,0
933,-20.099999999989393,0
934,-19.79999999998938,0
935,-19.49999999998937,0
936,-19.19999999998936,0
937,-18.899999999989348,0
938,-18.599999999989336,0
939,-18.299999999989325,0
940,-17.999999999989313,0
941,-17.699999999989302,0
942,-17.39999999998929,0
943,-17.09999999998928,0
944,-16.799999999989268,0
945,-16.499999999989257,0
946,-16.199999999989245,0
947,-15.899999999989234,0
948,-15.599999999989222,0
949,-15.299999999989211,0
950,-14.9999999999892,0
951,-14.699999999989188,0
952,-14.399999999989177,0
953,-14.099999999989166,0
954,-13.799999999989154,0
955,-13.499999999989143,0
956,-13.199999999989132,0
957,-12.89999999998912,0
958,-12.599999999989109,0
959,-12.299999999989097,0
960,-11.999999999989086,0
961,-11.699999999989075,0
962,-11.399999999989063,0
963,-11.099999999989052,0
964,-10.79999999998904,0
965,-10.49999999998903,0
966,-10.199999999989018,0
967,-9.899999999989006,0
968,-9.599999999988995,0
969,-9.299999999988984,0
970,-8.999999999988972,0
971,-8.699999999988961,0
972,-8.39999999998895,0
973,-8.099999999988938,0
974,-7.799999999988927,0
975,-7.4999999999889155,0
976,-7.199999999988904,0
977,-6.899999999988893,0
978,-6.599999999988881,0
979,-6.29999999998887,0
980,-5.999999999988859,0
981,-5.699999999988847,0
982,-5.399999999988836,0
983,-5.099999999988825,0
984,-4.799999999988813,0
985,-4.499999999988802,0
986,-4.1999999999887905,0
987,-3.899999999988779,0
988,-3.5999999999887677,0
989,-3.2999999999887564,0
990,-2.999999999988745,0
991,-2.6999999999887336,0
992,-2.3999999999887223,0
993,-2.099999999988711,0
994,-1.7999999999886995,0
995,-1.4999999999886882,0
996,-1.1999999999886768,0
997,-0.8999999999886654,0
998,-0.599999999988654,0
999,-0.2999999999886427,0
1000,1.1368683772161603e-11,0
1001,0.30000000001138005,0
1002,0.6000000000113914,0
1003,0.9000000000114028,0
1004,1.2000000000114142,0
1005,1.5000000000114255,0
1006,1.800000000011437,0
1007,2.1000000000114483,0
1008,2.4000000000114596,0
1009,2.700000000011471,0
1010,3.0000000000114824,0
1011,3.3000000000114937,0
1012,3.600000000011505,0
1013,3.9000000000115165,0
1014,4.200000000011528,0
1015,4.500000000011539,0
1016,4.800000000011551,0
1017,5.100000000011562,0
1018,5.400000000011573,0
1019,5.700000000011585,0
1020,6.000000000011596,0
1021,6.300000000011607,0
1022,6.600000000011619,0
1023,6.90000000001163,0
1024,7.2000000000116415,0
1025,7.500000000011653,0
1026,7.800000000011664,0
1027,8.100000000011676,0
1028,8.400000000011687,0
1029,8.700000000011698,0
1030,9.00000000001171,0
1031,9.300000000011721,0
1032,9.600000000011732,0
1033,9.900000000011744,0
1034,10.200000000011755,0
1035,10.500000000011767,0
1036,10.800000000011778,0
1037,11.10000000001179,0
1038,11.4000000000118,0
1039,11.700000000011812,0
1040,12.000000000011823,0
1041,12.300000000011835,0
1042,12.600000000011846,0
1043,12.900000000011858,0
1044,13.200000000011869,0
1045,13.50000000001188,0
1046,13.800000000011892,0
1047,14.100000000011903,0
1048,14.400000000011914,0
1049,14.700000000011926,0
1050,15.000000000011937,0
1051,15.300000000011948,0
1052,15.60000000001196,0
1053,15.900000000011971,0
1054,16.200000000011983,0
1055,16.500000000011994,0
1056,16.800000000012005,0
1057,17.100000000012017,0
1058,17.400000000012028,0
1059,17.70000000001204,0
1060,18.00000000001205,0
1061,18.300000000012062,0
1062,18.600000000012074,0
1063,18.900000000012085,0
1064,19.200000000012096,0
1065,19.500000000012108,0
1066,19.80000000001212,0
1067,20.10000000001213,0
1068,20.40000000001214,0
1069,20.700000000012153,0
1070,21.000000000012164,0
1071,21.300000000012176,0
1072,21.600000000012187,0
1073,21.9000000000122,0
1074,22.20000000001221,0
1075,22.50000000001222,0
1076,22.800000000012233,0
1077,23.100000000012244,0
1078,23.400000000012255,0
1079,23.700000000012267,0
1080,24.000000000012278,0
1081,24.30000000001229,0
1082,24.6000000000123,0
1083,24.900000000012312,0
1084,25.200000000012324,0
1085,25.500000000012335,0
1086,25.800000000012346,0
1087,26.100000000012358,0
1088,26.40000000001237,0
1089,26.70000000001238,0
1090,27.000000000012392,0
1091,27.300000000012403,0
1092,27.600000000012415,0
1093,27.900000000012426,0
1094,28.200000000012437,0
1095,28.50000000001245,0
1096,28.80000000001246,0
1097,29.10000000001247,0
1098,29.400000000012483,0
1099,29.700000000012494,0
1100,30.000000000012506,0
1101,30.300000000012517,0
1102,30.60000000001253,0
1103,30.90000000001254,0
1104,31.20000000001255,0
1105,31.500000000012562,0
1106,31.800000000012574,0
1107,32.100000000012585,0
1108,32.4000000000126,0
1109,32.70000000001261,0
1110,33.00000000001262,0
1111,33.30000000001263,0
1112,33.60000000001264,0
1113,33.90000000001265,0
1114,34.200000000012665,0
1115,34.500000000012676,0
1116,34.80000000001269,0
1117,35.1000000000127,0
1118,35.40000000001271,0
1119,35.70000000001272,0
1120,36.00000000001273,0
1121,36.300000000012744,0
1122,36.600000000012756,0
1123,36.90000000001277,0
1124,37.20000000001278,0
1125,37.50000000001279,0
1126,37.8000000000128,0
1127,38.10000000001281,0
1128,38.400000000012824,0
1129,38.700000000012835,0
1130,39.00000000001285,0
1131,39.30000000001286,0
1132,39.60000000001287,0
1133,39.90000000001288,0
1134,40.20000000001289,0
1135,40.5000000000129,0
1136,40.800000000012915,0
1137,41.100000000012926,0
1138,41.40000000001294,0
1139,41.70000000001295,0
1140,42.00000000001296,0
1141,42.30000000001297,0
1142,42.60000000001298,0
1143,42.900000000012994,0
1144,43.200000000013006,0
1145,43.50000000001302,0
1146,43.80000000001303,0
1147,44.10000000001304,0
1148,44.40000000001305,0
1149,44.70000000001306,0
1150,45.000000000013074,0
1151,45.300000000013085,0
1152,45.6000000000131,0
1153,45.90000000001311,0
1154,46.20000000001312,0
1155,46.50000000001313,0
1156,46.80000000001314,0
1157,47.100000000013154,0
1158,47.400000000013165,0
1159,47.700000000013176,0
1160,48.00000000001319,0
1161,48.3000000000132,0
1162,48.60000000001321,0
1163,48.90000000001322,0
1164,49.20000000001323,0
1165,49.500000000013245,0
1166,49.800000000013256,0
1167,50.10000000001327,0
1168,50.40000000001328,0
1169,50.70000000001329,0
1170,51.0000000000133,0
1171,51.30000000001331,0
1172,51.600000000013324,0
1173,51.900000000013335,0
1174,52.20000000001335,0
1175,52.50000000001336,0
1176,52.80000000001337,0
1177,53.10000000001338,0
1178,53.40000000001339,0
1179,53.700000000013404,0
1180,54.000000000013415,0
1181,54.300000000013426,0
1182,54.60000000001344,0
1183,54.90000000001345,0
1184,55.20000000001346,0
1185,55.50000000001347,0
1186,55.80000000001348,0
1187,56.100000000013495,0
1188,56.400000000013506,0
1189,56.70000000001352,0
1190,57.00000000001353,0
1191,57.30000000001354,0
1192,57.60000000001355,0
1193,57.90000000001356,0
1194,58.200000000013574,0
1195,58.500000000013586,0
1196,58.8000000000136,0
1197,59.10000000001361,0
1198,59.40000000001362,0
1199,59.70000000001363,0
1200,60.00000000001364,0
1201,60.300000000013654,0
1202,60.600000000013665,0
1203,60.90000000001368,0
1204,61.20000000001369,0
1205,61.5000000000137,0
1206,61.80000000001371,0
1207,62.10000000001372,0
1208,62.40000000001373,0
1209,62.700000000013745,0
1210,63.000000000013756,0
1211,63.30000000001377,0
1212,63.60000000001378,0
1213,63.90000000001379,0
1214,64.2000000000138,0
1215,64.50000000001381,0
1216,64.80000000001382,0
1217,65.10000000001384,0
1218,65.40000000001385,0
1219,65.70000000001386,0
1220,66.00000000001387,0
1221,66.30000000001388,0
1222,66.60000000001389,0
1223,66.9000000000139,0
1224,67.20000000001392,0
1225,67.50000000001393,0
1226,67.80000000001394,0
1227,68.10000000001395,0
1228,68.40000000001396,0
1229,68.70000000001397,0
1230,69.00000000001398,0
1231,69.300000000014,0
1232,69.600000000014,0
1233,69.90000000001402,0
1234,70.20000000001403,0
1235,70.50000000001404,0
1236,70.80000000001405,0
1237,71.10000000001406,0
1238,71.40000000001407,0
1239,71.70000000001409,0
1240,72.0000000000141,0
1241,72.30000000001411,0
1242,72.60000000001412,0
1243,72.90000000001413,0
1244,73.20000000001414,0
1245,73.50000000001415,0
1246,73.80000000001417,0
1247,74.10000000001418,0
1248,74.40000000001419,0
1249,74.7000000000142,0
1250,75.00000000001421,0
1251,75.30000000001422,0
1252,75.60000000001423,0
1253,75.90000000001424,0
1254,76.20000000001426,0
1255,76.50000000001427,0
1256,76.80000000001428,0
1257,77.10000000001429,0
1258,77.4000000000143,0
1259,77.70000000001431,0
1260,78.00000000001432,0
1261,78.30000000001434,0
1262,78.60000000001435,0
1263,78.90000000001436,0
1264,79.20000000001437,0
1265,79.50000000001438,0
1266,79.80000000001439,0
1267,80.1000000000144,0
1268,80.40000000001442,0
1269,80.70000000001443,0
1270,81.00000000001444,0
1271,81.30000000001445,0
1272,81.60000000001446,0
1273,81.90000000001447,0
1274,82.20000000001448,0
1275,82.5000000000145,0
1276,82.8000000000145,0
1277,83.10000000001452,0
1278,83.40000000001453,0
1279,83.70000000001454,0
1280,84.00000000001455,0
1281,84.30000000001456,0
1282,84.60000000001457,0
1283,84.90000000001459,0
1284,85.2000000000146,0
1285,85.50000000001461,0
1286,85.80000000001462,0
1287,86.10000000001463,0
1288,86.40000000001464,0
1289,86.70000000001465,0
1290,87.00000000001467,0
1291,87.30000000001468,0
1292,87.60000000001469,0
1293,87.9000000000147,0
1294,88.20000000001471,0
1295,88.50000000001472,0
1296,88.80000000001473,0
1297,89.10000000001475,0
1298,89.40000000001476,0
1299,89.70000000001477,0
1300,90.00000000001478,0
1301,90.30000000001479,0
1302,90.6000000000148,0
1303,90.90000000001481,0
1304,91.20000000001482,0
1305,91.50000000001484,0
1306,91.80000000001485,0
1307,92.10000000001486,0
1308,92.40000000001487,0
1309,92.70000000001488,0
1310,93.0000000000149,0
1311,93.3000000000149,0
1312,93.60000000001492,0
1313,93.90000000001493,0
1314,94.20000000001494,0
1315,94.50000000001495,0
1316,94.80000000001496,0
1317,95.10000000001497,0
1318,95.40000000001498,0
1319,95.700000000015,0
1320,96.000000000015,0
1321,96.30000000001502,0
1322,96.60000000001503,0
1323,96.90000000001504,0
1324,97.20000000001505,0
1325,97.50000000001506,0
1326,97.80000000001507,0
1327,98.10000000001509,0
1328,98.4000000000151,0
1329,98.70000000001511,0
1330,99.00000000001512,0
1331,99.30000000001513,0
1332,99.60000000001514,0
1333,99.90000000001515,0
1334,100.20000000001517,0
1335,100.50000000001518,0
1336,100.80000000001519,0
1337,101.1000000000152,0
1338,101.40000000001521,0
1339,101.70000000001522,0
1340,102.00000000001523,0
1341,102.30000000001525,0
1342,102.60000000001526,0
1343,102.90000000001527,0
1344,103.20000000001528,0
1345,103.50000000001529,0
1346,103.8000000000153,0
1347,104.10000000001531,0
1348,104.40000000001532,0
1349,104.70000000001534,0
1350,105.00000000001535,0
1351,105.30000000001536,0
1352,105.60000000001537,0
1353,105.90000000001538,0
1354,106.2000000000154,0
1355,106.5000000000154,0
1356,106.80000000001542,0
1357,107.10000000001543,0
1358,107.40000000001544,0
1359,107.70000000001545,0
1360,108.00000000001546,0
1361,108.30000000001547,0
1362,108.60000000001548,0
1363,108.9000000000155,0
1364,109.2000000000155,0
1365,109.50000000001552,0
1366,109.80000000001553,0
1367,110.10000000001554,0
1368,110.40000000001555,0
1369,110.70000000001556,0
1370,111.00000000001558,0
1371,111.30000000001559,0
1372,111.6000000000156,0
1373,111.90000000001561,0
1374,112.20000000001562,0
1375,112.50000000001563,0
1376,112.80000000001564,0
1377,113.10000000001565,0
1378,113.40000000001567,0
1379,113.70000000001568,0
1380,114.00000000001569,0
1381,114.3000000000157,0
1382,114.60000000001571,0
1383,114.90000000001572,0
1384,115.20000000001573,0
1385,115.50000000001575,0
1386,115.80000000001576,0
1387,116.10000000001577,0
1388,116.40000000001578,0
1389,116.70000000001579,0
1390,117.0000000000158,0
1391,117.30000000001581,0
1392,117.60000000001583,0
1393,117.90000000001584,0
1394,118.20000000001585,0
1395,118.50000000001586,0
1396,118.80000000001587,0
1397,119.10000000001588,0
1398,119.4000000000159,0
1399,119.7000000000159,0
1400,120.00000000001592,0
1401,120.30000000001593,0
1402,120.60000000001594,0
1403,120.90000000001595,0
1404,121.20000000001596,0
1405,121.50000000001597,0
1406,121.80000000001598,0
1407,122.100000000016,0
1408,122.40000000001601,0
1409,122.70000000001602,0
1410,123.00000000001603,0
1411,123.30000000001604,0
1412,123.60000000001605,0
1413,123.90000000001606,0
1414,124.20000000001608,0
1415,124.50000000001609,0
1416,124.8000000000161,0
1417,125.10000000001611,0
1418,125.40000000001612,0
1419,125.70000000001613,0
1420,126.00000000001614,0
1421,126.30000000001615,0
1422,126.60000000001617,0
1423,126.90000000001618,0
1424,127.20000000001619,0
1425,127.5000000000162,0
1426,127.80000000001621,0
1427,128.10000000001622,0
1428,128.40000000001623,0
1429,128.70000000001625,0
1430,129.00000000001626,0
1431,129.30000000001627,0
1432,129.60000000001628,0
1433,129.9000000000163,0
1434,130.2000000000163,0
1435,130.5000000000163,0
1436,130.80000000001633,0
1437,131.10000000001634,0
1438,131.40000000001635,0
1439,131.70000000001636,0
1440,132.00000000001637,0
1441,132.30000000001638,0
1442,132.6000000000164,0
1443,132.9000000000164,0
1444,133.20000000001642,0
1445,133.50000000001643,0
1446,133.80000000001644,0
1447,134.10000000001645,0
1448,134.40000000001646,0
1449,134.70000000001647,0
1450,135.00000000001648,0
1451,135.3000000000165,0
1452,135.6000000000165,0
1453,135.90000000001652,0
1454,136.20000000001653,0
1455,136.50000000001654,0
1456,136.80000000001655,0
1457,137.10000000001656,0
1458,137.40000000001658,0
1459,137.7000000000166,0
1460,138.0000000000166,0
1461,138.3000000000166,0
1462,138.60000000001662,0
1463,138.90000000001663,0
1464,139.20000000001664,0
1465,139.50000000001666,0
1466,139.80000000001667,0
1467,140.10000000001668,0
1468,140.4000000000167,0
1469,140.7000000000167,0
1470,141.0000000000167,0
1471,141.30000000001672,0
1472,141.60000000001673,0
1473,141.90000000001675,0
1474,142.20000000001676,0
1475,142.50000000001677,0
1476,142.80000000001678,0
1477,143.1000000000168,0
1478,143.4000000000168,0
1479,143.70000000001681,0
1480,144.00000000001683,0
1481,144.30000000001684,0
1482,144.60000000001685,0
1483,144.90000000001686,0
1484,145.20000000001687,0
1485,145.50000000001688,0
1486,145.8000000000169,0
1487,146.1000000000169,0
1488,146.40000000001692,0
1489,146.70000000001693,0
1490,147.00000000001694,0
1491,147.30000000001695,0
1492,147.60000000001696,0
1493,147.90000000001697,0
1494,148.20000000001698,0
1495,148.500000000017,0
1496,148.800000000017,0
1497,149.10000000001702,0
1498,149.40000000001703,0
1499,149.70000000001704,0
1500,150.00000000001705,0
1501,150.30000000001706,0
1502,150.60000000001708,0
1503,150.9000000000171,0
1504,151.2000000000171,0
1505,151.5000000000171,0
1506,151.80000000001712,0
1507,152.10000000001713,0
1508,152.40000000001714,0
1509,152.70000000001716,0
1510,153.00000000001717,0
1511,153.30000000001718,0
1512,153.6000000000172,0
1513,153.9000000000172,0
1514,154.2000000000172,0
1515,154.50000000001722,0
1516,154.80000000001723,0
1517,155.10000000001725,0
1518,155.40000000001726,0
1519,155.70000000001727,0
1520,156.00000000001728,0
1521,156.3000000000173,0
1522,156.6000000000173,0
1523,156.90000000001731,0
1524,157.20000000001733,0
1525,157.50000000001734,0
1526,157.80000000001735,0
1527,158.10000000001736,0
1528,158.40000000001737,0
1529,158.70000000001738,0
1530,159.0000000000174,0
1531,159.3000000000174,0
1532,159.60000000001742,0
1533,159.90000000001743,0
1534,160.20000000001744,0
1535,160.50000000001745,0
1536,160.80000000001746,0
1537,161.10000000001747,0
1538,161.40000000001749,0
1539,161.7000000000175,0
1540,162.0000000000175,0
1541,162.30000000001752,0
1542,162.60000000001753,0
1543,162.90000000001754,0
1544,163.20000000001755,0
1545,163.50000000001756,0
1546,163.80000000001758,0
1547,164.1000000000176,0
1548,164.4000000000176,0
1549,164.7000000000176,0
1550,165.00000000001762,0
1551,165.30000000001763,0
1552,165.60000000001764,0
1553,165.90000000001766,0
1554,166.20000000001767,0
1555,166.50000000001768,0
1556,166.8000000000177,0
1557,167.1000000000177,0
1558,167.4000000000177,0
1559,167.70000000001772,0
1560,168.00000000001774,0
1561,168.30000000001775,0
1562,168.60000000001776,0
1563,168.90000000001777,0
1564,169.20000000001778,0
1565,169.5000000000178,0
1566,169.8000000000178,0
1567,170.10000000001781,0
1568,170.40000000001783,0
1569,170.70000000001784,0
1570,171.00000000001785,0
1571,171.30000000001786,0
1572,171.60000000001787,0
1573,171.90000000001788,0
1574,172.2000000000179,0
1575,172.5000000000179,0
1576,172.80000000001792,0
1577,173.10000000001793,0
1578,173.40000000001794,0
1579,173.70000000001795,0
1580,174.00000000001796,0
1581,174.30000000001797,0
1582,174.60000000001799,0
1583,174.900000000018,0
1584,175.200000000018,0
1585,175.50000000001802,0
1586,175.80000000001803,0
1587,176.10000000001804,0
1588,176.40000000001805,0
1589,176.70000000001806,0
1590,177.00000000001808,0
1591,177.3000000000181,0
1592,177.6000000000181,0
1593,177.9000000000181,0
1594,178.20000000001812,0
1595,178.50000000001813,0
1596,178.80000000001814,0
1597,179.10000000001816,0
1598,179.40000000001817,0
1599,179.70000000001818,0
1600,180.0000000000182,0
1601,180.3000000000182,0
1602,180.6000000000182,0
1603,180.90000000001822,0
1604,181.20000000001824,0
1605,181.50000000001825,0
1606,181.80000000001826,0
1607,182.10000000001827,0
1608,182.40000000001828,0
1609,182.7000000000183,0
1610,183.0000000000183,0
1611,183.30000000001831,0
1612,183.60000000001833,0
1613,183.90000000001834,0
1614,184.20000000001835,0
1615,184.50000000001836,0
1616,184.80000000001837,0
1617,185.10000000001838,0
1618,185.4000000000184,0
1619,185.7000000000184,0
1620,186.00000000001842,0
1621,186.30000000001843,0
1622,186.60000000001844,0
1623,186.90000000001845,0
1624,187.20000000001846,0
1625,187.50000000001847,0
1626,187.80000000001849,0
1627,188.1000000000185,0
1628,188.4000000000185,0
1629,188.70000000001852,0
1630,189.00000000001853,0
1631,189.30000000001854,0
1632,189.60000000001855,0
1633,189.90000000001857,0
1634,190.20000000001858,0
1635,190.5000000000186,0
1636,190.8000000000186,0
1637,191.1000000000186,0
1638,191.40000000001862,0
1639,191.70000000001863,0
1640,192.00000000001864,0
1641,192.30000000001866,0
1642,192.60000000001867,0
1643,192.90000000001868,0
1644,193.2000000000187,0
1645,193.5000000000187,0
1646,193.8000000000187,0
1647,194.10000000001872,0
1648,194.40000000001874,0
1649,194.70000000001875,0
1650,195.00000000001876,0
1651,195.30000000001877,0
1652,195.60000000001878,0
1653,195.9000000000188,0
1654,196.2000000000188,0
1655,196.50000000001882,0
1656,196.80000000001883,0
1657,197.10000000001884,0
1658,197.40000000001885,0
1659,197.70000000001886,0
1660,198.00000000001887,0
1661,198.30000000001888,0
1662,198.6000000000189,0
1663,198.9000000000189,0
1664,199.20000000001892,0
1665,199.50000000001893,0
1666,199.80000000001894,0
1667,200.10000000001895,0
1668,200.40000000001896,0
1669,200.70000000001897,0
1670,201.00000000001899,0
1671,201.300000000019,0
1672,201.600000000019,0
1673,201.90000000001902,0
1674,202.20000000001903,0
1675,202.50000000001904,0
1676,202.80000000001905,0
1677,203.10000000001907,0
1678,203.40000000001908,0
1679,203.7000000000191,0
1680,204.0000000000191,0
1681,204.3000000000191,0
1682,204.60000000001912,0
1683,204.90000000001913,0
1684,205.20000000001914,0
1685,205.50000000001916,0
1686,205.80000000001917,0
1687,206.10000000001918,0
1688,206.4000000000192,0
1689,206.7000000000192,0
1690,207.0000000000192,0
1691,207.30000000001922,0
1692,207.60000000001924,0
1693,207.90000000001925,0
1694,208.20000000001926,0
1695,208.50000000001927,0
1696,208.80000000001928,0
1697,209.1000000000193,0
1698,209.4000000000193,0
1699,209.70000000001932,0
1700,210.00000000001933,0
1701,210.30000000001934,0
1702,210.60000000001935,0
1703,210.90000000001936,0
1704,211.20000000001937,0
1705,211.50000000001938,0
1706,211.8000000000194,0
1707,212.10000000001946,0
1708,212.40000000001942,0
1709,212.70000000001937,0
1710,213.00000000001944,0
1711,213.3000000000195,0
1712,213.60000000001946,0
1713,213.90000000001942,0
1714,214.2000000000195,0
1715,214.50000000001955,0
1716,214.8000000000195,0
1717,215.10000000001946,0
1718,215.40000000001953,0
1719,215.7000000000196,0
1720,216.00000000001955,0
1721,216.3000000000195,0
1722,216.60000000001958,0
1723,216.90000000001965,0
1724,217.2000000000196,0
1725,217.50000000001955,0
1726,217.80000000001962,0
1727,218.1000000000197,0
1728,218.40000000001965,0
1729,218.7000000000196,0
1730,219.00000000001967,0
1731,219.30000000001974,0
1732,219.6000000000197,0
1733,219.90000000001965,0
1734,220.2000000000197,0
1735,220.50000000001978,0
1736,220.80000000001974,0
1737,221.1000000000197,0
1738,221.40000000001976,0
1739,221.70000000001983,0
1740,222.00000000001978,0
1741,222.30000000001974,0
1742,222.6000000000198,0
1743,222.90000000001987,0
1744,223.20000000001983,0
1745,223.50000000001978,0
1746,223.80000000001985,0
1747,224.10000000001992,0
1748,224.40000000001987,0
1749,224.70000000001983,0
1750,225.0000000000199,0
1751,225.30000000001996,0
1752,225.60000000001992,0
1753,225.90000000001987,0
1754,226.20000000001994,0
1755,226.50000000002,0
1756,226.80000000001996,0
1757,227.10000000001992,0
1758,227.40000000002,0
1759,227.70000000002005,0
1760,228.00000000002,0
1761,228.30000000001996,0
1762,228.60000000002003,0
1763,228.9000000000201,0
1764,229.20000000002005,0
1765,229.50000000002,0
1766,229.80000000002008,0
1767,230.10000000002015,0
1768,230.4000000000201,0
1769,230.70000000002005,0
1770,231.00000000002012,0
1771,231.3000000000202,0
1772,231.60000000002015,0
1773,231.9000000000201,0
1774,232.20000000002017,0
1775,232.50000000002024,0
1776,232.8000000000202,0
1777,233.10000000002015,0
1778,233.4000000000202,0
1779,233.70000000002028,0
1780,234.00000000002024,0
1781,234.3000000000202,0
1782,234.60000000002026,0
1783,234.90000000002033,0
1784,235.20000000002028,0
1785,235.50000000002024,0
1786,235.8000000000203,0
1787,236.10000000002037,0
1788,236.40000000002033,0
1789,236.70000000002028,0
1790,237.00000000002035,0
1791,237.30000000002042,0
1792,237.60000000002037,0
1793,237.90000000002033,0
1794,238.2000000000204,0
1795,238.50000000002046,0
1796,238.80000000002042,0
1797,239.10000000002037,0
1798,239.40000000002044,0
1799,239.7000000000205,0
1800,240.00000000002046,0
1801,240.30000000002042,0
1802,240.6000000000205,0
1803,240.90000000002055,0
1804,241.2000000000205,0
1805,241.50000000002046,0
1806,241.80000000002053,0
1807,242.1000000000206,0
1808,242.40000000002055,0
1809,242.7000000000205,0
1810,243.00000000002058,0
1811,243.30000000002065,0
1812,243.6000000000206,0
1813,243.90000000002055,0
1814,244.20000000002062,0
1815,244.5000000000207,0
1816,244.80000000002065,0
1817,245.1000000000206,0
1818,245.40000000002067,0
1819,245.70000000002074,0
1820,246.0000000000207,0
1821,246.30000000002065,0
1822,246.6000000000207,0
1823,246.90000000002078,0
1824,247.20000000002074,0
1825,247.5000000000207,0
1826,247.80000000002076,0
1827,248.10000000002083,0
1828,248.40000000002078,0
1829,248.70000000002074,0
1830,249.0000000000208,0
1831,249.30000000002087,0
1832,249.60000000002083,0
1833,249.90000000002078,0
1834,250.20000000002085,0
1835,250.50000000002092,0
1836,250.80000000002087,0
1837,251.10000000002083,0
1838,251.4000000000209,0
1839,251.70000000002096,0
1840,252.00000000002092,0
1841,252.30000000002087,0
1842,252.60000000002094,0
1843,252.900000000021,0
1844,253.20000000002096,0
1845,253.50000000002092,0
1846,253.800000000021,0
1847,254.10000000002105,0
1848,254.400000000021,0
1849,254.70000000002096,0
1850,255.00000000002103,0
1851,255.3000000000211,0
1852,255.60000000002105,0
1853,255.900000000021,0
1854,256.2000000000211,0
1855,256.50000000002115,0
1856,256.8000000000211,0
1857,257.10000000002105,0
1858,257.4000000000211,0
1859,257.7000000000212,0
1860,258.00000000002115,0
1861,258.3000000000211,0
1862,258.60000000002117,0
1863,258.90000000002124,0
1864,259.2000000000212,0
1865,259.50000000002115,0
1866,259.8000000000212,0
1867,260.1000000000213,0
1868,260.40000000002124,0
1869,260.7000000000212,0
1870,261.00000000002126,0
1871,261.3000000000213,0
1872,261.6000000000213,0
1873,261.90000000002124,0
1874,262.2000000000213,0
1875,262.5000000000214,0
1876,262.8000000000213,0
1877,263.1000000000213,0
1878,263.40000000002135,0
1879,263.7000000000214,0
1880,264.0000000000214,0
1881,264.3000000000213,0
1882,264.6000000000214,0
1883,264.90000000002146,0
1884,265.2000000000214,0
1885,265.5000000000214,0
1886,265.80000000002144,0
1887,266.1000000000215,0
1888,266.40000000002146,0
1889,266.7000000000214,0
1890,267.0000000000215,0
1891,267.30000000002156,0
1892,267.6000000000215,0
1893,267.90000000002146,0
1894,268.20000000002153,0
1895,268.5000000000216,0
1896,268.80000000002156,0
1897,269.1000000000215,0
1898,269.4000000000216,0
1899,269.70000000002165,0
1900,270.0000000000216,0
1901,270.30000000002156,0
1902,270.6000000000216,0
1903,270.9000000000217,0
1904,271.20000000002165,0
1905,271.5000000000216,0
1906,271.80000000002167,0
1907,272.10000000002174,0
1908,272.4000000000217,0
1909,272.70000000002165,0
1910,273.0000000000217,0
1911,273.3000000000218,0
1912,273.60000000002174,0
1913,273.9000000000217,0
1914,274.20000000002176,0
1915,274.5000000000218,0
1916,274.8000000000218,0
1917,275.10000000002174,0
1918,275.4000000000218,0
1919,275.7000000000219,0
1920,276.0000000000218,0
1921,276.3000000000218,0
1922,276.60000000002185,0
1923,276.9000000000219,0
1924,277.2000000000219,0
1925,277.5000000000218,0
1926,277.8000000000219,0
1927,278.10000000002196,0
1928,278.4000000000219,0
1929,278.7000000000219,0
1930,279.00000000002194,0
1931,279.300000000022,0
1932,279.60000000002196,0
1933,279.9000000000219,0
1934,280.200000000022,0
1935,280.50000000002206,0
1936,280.800000000022,0
1937,281.10000000002196,0
1938,281.40000000002203,0
1939,281.7000000000221,0
1940,282.00000000002206,0
1941,282.300000000022,0
1942,282.6000000000221,0
1943,282.90000000002215,0
1944,283.2000000000221,0
1945,283.50000000002206,0
1946,283.8000000000221,0
1947,284.1000000000222,0
1948,284.40000000002215,0
1949,284.7000000000221,0
1950,285.00000000002217,0
1951,285.30000000002224,0
1952,285.6000000000222,0
1953,285.90000000002215,0
1954,286.2000000000222,0
1955,286.5000000000223,0
1956,286.80000000002224,0
1957,287.1000000000222,0
1958,287.40000000002226,0
1959,287.7000000000223,0
1960,288.0000000000223,0
1961,288.30000000002224,0
1962,288.6000000000223,0
1963,288.9000000000224,0
1964,289.2000000000223,0
1965,289.5000000000223,0
1966,289.80000000002235,0
1967,290.1000000000224,0
1968,290.4000000000224,0
1969,290.7000000000223,0
1970,291.0000000000224,0
1971,291.30000000002246,0
1972,291.6000000000224,0
1973,291.9000000000224,0
1974,292.20000000002244,0
1975,292.5000000000225,0
1976,292.80000000002246,0
1977,293.1000000000224,0
1978,293.4000000000225,0
1979,293.70000000002256,0
1980,294.0000000000225,0
1981,294.30000000002246,0
1982,294.60000000002253,0
1983,294.9000000000226,0
1984,295.20000000002256,0
1985,295.5000000000225,0
1986,295.8000000000226,0
1987,296.10000000002265,0
1988,296.4000000000226,0
1989,296.70000000002256,0
1990,297.0000000000226,0
1991,297.3000000000227,0
1992,297.60000000002265,0
1993,297.9000000000226,0
1994,298.20000000002267,0
1995,298.50000000002274,0
1996,298.8000000000227,0
1997,299.10000000002265,0
1998,299.4000000000227,0
1999,299.7000000000228,0
